{
  "metadata": {
    "model_name": "efficientnet_b0",
    "dataset_root": "/kaggle/input/datasets/apollo2506/eurosat-dataset/EuroSAT",
    "split_seed": 42,
    "checkpoint_path": "/kaggle/working/checkpoints/efficientnet_b0/stage1/best_checkpoint.pt",
    "hyperparameters": {
      "epochs": 30,
      "batch_size": 16,
      "early_stopping_patience": 1,
      "learning_rate": 0.001,
      "scheduler_factor": 0.5,
      "scheduler_patience": 0,
      "min_learning_rate": 1e-06,
      "early_stopping_min_delta": 0.001,
      "augmentation_mode": "flips"
    },
    "training_state": {
      "epochs_requested": 30,
      "epochs_ran": 4,
      "best_validation_loss": 0.24051428898388894,
      "best_validation_f1": 0.9160847797757773,
      "best_epoch": 3,
      "early_stopping_patience": 1,
      "early_stopping_min_delta": 0.001,
      "learning_rate": 0.001,
      "scheduler_factor": 0.5,
      "scheduler_patience": 0,
      "min_learning_rate": 1e-06,
      "batch_size": 16,
      "class_weights": [
        0.8999999761581421,
        0.8999999761581421,
        0.8999999761581421,
        1.0800000429153442,
        1.0800000429153442,
        1.350000023841858,
        1.0800000429153442,
        0.8999999761581421,
        1.0800000429153442,
        0.8999999761581421
      ],
      "epoch_logs": [
        {
          "epoch": 1,
          "train_loss": 0.5244735682922118,
          "val_loss": 0.2906863064886489,
          "val_acc": 0.9044444444444445,
          "val_f1": 0.9015222896362195,
          "lr": 0.001
        },
        {
          "epoch": 2,
          "train_loss": 0.3400193876326841,
          "val_loss": 0.2514879819277058,
          "val_acc": 0.9128395061728395,
          "val_f1": 0.9097420574169248,
          "lr": 0.001
        },
        {
          "epoch": 3,
          "train_loss": 0.3076255770176397,
          "val_loss": 0.24051428898388894,
          "val_acc": 0.9190123456790124,
          "val_f1": 0.9160847797757773,
          "lr": 0.001
        },
        {
          "epoch": 4,
          "train_loss": 0.2923210044990273,
          "val_loss": 0.23712697279030884,
          "val_acc": 0.9197530864197531,
          "val_f1": 0.9170625390549196,
          "lr": 0.001
        }
      ]
    }
  },
  "epoch_log_path": "/kaggle/working/artifacts/reports/efficientnet_b0_stage1_final.training_log.tmp.json",
  "metrics": {
    "accuracy": 0.9155555555555556,
    "macro_f1_score": 0.9119694945648755,
    "precision": {
      "AnnualCrop": 0.9565217391304348,
      "Forest": 0.9465478841870824,
      "HerbaceousVegetation": 0.9,
      "Highway": 0.8689458689458689,
      "Industrial": 0.9375,
      "Pasture": 0.8376811594202899,
      "PermanentCrop": 0.8627450980392157,
      "Residential": 0.9690949227373068,
      "River": 0.8673740053050398,
      "SeaLake": 0.9664429530201343
    },
    "recall": {
      "AnnualCrop": 0.9288888888888889,
      "Forest": 0.9444444444444444,
      "HerbaceousVegetation": 0.9,
      "Highway": 0.8133333333333334,
      "Industrial": 0.96,
      "Pasture": 0.9633333333333334,
      "PermanentCrop": 0.8213333333333334,
      "Residential": 0.9755555555555555,
      "River": 0.872,
      "SeaLake": 0.96
    },
    "confusion_matrix": [
      [
        418,
        0,
        0,
        3,
        0,
        6,
        14,
        0,
        6,
        3
      ],
      [
        0,
        425,
        10,
        0,
        0,
        7,
        0,
        1,
        0,
        7
      ],
      [
        1,
        12,
        405,
        4,
        0,
        12,
        12,
        3,
        1,
        0
      ],
      [
        6,
        1,
        2,
        305,
        9,
        7,
        13,
        1,
        29,
        2
      ],
      [
        1,
        0,
        0,
        1,
        360,
        0,
        6,
        5,
        2,
        0
      ],
      [
        0,
        3,
        2,
        0,
        0,
        289,
        2,
        0,
        3,
        1
      ],
      [
        7,
        0,
        25,
        5,
        7,
        16,
        308,
        2,
        5,
        0
      ],
      [
        0,
        2,
        2,
        1,
        5,
        0,
        0,
        439,
        1,
        0
      ],
      [
        3,
        1,
        2,
        30,
        3,
        3,
        2,
        2,
        327,
        2
      ],
      [
        1,
        5,
        2,
        2,
        0,
        5,
        0,
        0,
        3,
        432
      ]
    ]
  }
}