{
  "metadata": {
    "model_name": "efficientnet_b0",
    "dataset_root": "/kaggle/input/datasets/apollo2506/eurosat-dataset/EuroSAT",
    "split_seed": 42,
    "checkpoint_path": "/kaggle/working/checkpoints/efficientnet_b0/stage1/best_checkpoint.pt",
    "hyperparameters": {
      "epochs": 30,
      "batch_size": 16,
      "early_stopping_patience": 1,
      "learning_rate": 0.001
    },
    "training_state": {
      "epochs_requested": 30,
      "epochs_ran": 3,
      "best_validation_loss": 0.25920362286104665,
      "best_validation_f1": 0.9081943576242715,
      "best_epoch": 2,
      "early_stopping_patience": 1,
      "learning_rate": 0.001,
      "batch_size": 16,
      "class_weights": [
        0.8999999761581421,
        0.8999999761581421,
        0.8999999761581421,
        1.0800000429153442,
        1.0800000429153442,
        1.350000023841858,
        1.0800000429153442,
        0.8999999761581421,
        1.0800000429153442,
        0.8999999761581421
      ],
      "epoch_logs": [
        {
          "epoch": 1,
          "train_loss": 0.5180689428638282,
          "val_loss": 0.2940001144389233,
          "val_acc": 0.9034567901234568,
          "val_f1": 0.9002279082096438,
          "lr": 0.001
        },
        {
          "epoch": 2,
          "train_loss": 0.3255322026396123,
          "val_loss": 0.25920362286104665,
          "val_acc": 0.9113580246913581,
          "val_f1": 0.9081943576242715,
          "lr": 0.001
        },
        {
          "epoch": 3,
          "train_loss": 0.2916281474415408,
          "val_loss": 0.24523661539277547,
          "val_acc": 0.9093827160493827,
          "val_f1": 0.9059240103790123,
          "lr": 0.001
        }
      ]
    }
  },
  "epoch_log_path": "/kaggle/working/artifacts/reports/efficientnet_b0_stage1_smoke.training_log.tmp.json",
  "metrics": {
    "accuracy": 0.9088888888888889,
    "macro_f1_score": 0.9050272338809435,
    "precision": {
      "AnnualCrop": 0.9264069264069265,
      "Forest": 0.9260869565217391,
      "HerbaceousVegetation": 0.9090909090909091,
      "Highway": 0.9006211180124224,
      "Industrial": 0.9324675324675324,
      "Pasture": 0.8255813953488372,
      "PermanentCrop": 0.8767908309455588,
      "Residential": 0.95,
      "River": 0.8362282878411911,
      "SeaLake": 0.9724770642201835
    },
    "recall": {
      "AnnualCrop": 0.9511111111111111,
      "Forest": 0.9466666666666667,
      "HerbaceousVegetation": 0.8666666666666667,
      "Highway": 0.7733333333333333,
      "Industrial": 0.9573333333333334,
      "Pasture": 0.9466666666666667,
      "PermanentCrop": 0.816,
      "Residential": 0.9711111111111111,
      "River": 0.8986666666666666,
      "SeaLake": 0.9422222222222222
    },
    "confusion_matrix": [
      [
        428,
        0,
        0,
        1,
        0,
        5,
        8,
        0,
        5,
        3
      ],
      [
        0,
        426,
        13,
        0,
        0,
        6,
        0,
        0,
        0,
        5
      ],
      [
        1,
        16,
        390,
        2,
        0,
        17,
        17,
        5,
        2,
        0
      ],
      [
        10,
        1,
        2,
        290,
        11,
        6,
        10,
        5,
        39,
        1
      ],
      [
        1,
        0,
        0,
        0,
        359,
        0,
        6,
        8,
        1,
        0
      ],
      [
        1,
        5,
        2,
        0,
        0,
        284,
        2,
        0,
        5,
        1
      ],
      [
        15,
        0,
        17,
        8,
        6,
        14,
        306,
        3,
        6,
        0
      ],
      [
        0,
        3,
        2,
        1,
        5,
        0,
        0,
        437,
        2,
        0
      ],
      [
        5,
        1,
        2,
        17,
        4,
        5,
        0,
        2,
        337,
        2
      ],
      [
        1,
        8,
        1,
        3,
        0,
        7,
        0,
        0,
        6,
        424
      ]
    ]
  }
}